Cuota;Fecha de Pago;Saldo Inicial;Cuota (Sin Seguro);Seguro Desgravamen;Cuota (Total);Interes;Capital;Saldo Final
1;22/07/2026;3500.0;159.9;1.75;161.65;26.25;133.65;3366.35
2;22/08/2026;3366.35;159.9;1.75;161.65;25.25;134.65;3231.7
3;22/09/2026;3231.7;159.9;1.75;161.65;24.24;135.66;3096.05
4;22/10/2026;3096.05;159.9;1.75;161.65;23.22;136.68;2959.37
5;22/11/2026;2959.37;159.9;1.75;161.65;22.2;137.7;2821.67
6;22/12/2026;2821.67;159.9;1.75;161.65;21.16;138.73;2682.93
7;22/01/2027;2682.93;159.9;1.75;161.65;20.12;139.77;2543.16
8;22/02/2027;2543.16;159.9;1.75;161.65;19.07;140.82;2402.34
9;22/03/2027;2402.34;159.9;1.75;161.65;18.02;141.88;2260.46
10;22/04/2027;2260.46;159.9;1.75;161.65;16.95;142.94;2117.51
11;22/05/2027;2117.51;159.9;1.75;161.65;15.88;144.02;1973.5
12;22/06/2027;1973.5;159.9;1.75;161.65;14.8;145.1;1828.4
13;22/07/2027;1828.4;159.9;1.75;161.65;13.71;146.18;1682.22
14;22/08/2027;1682.22;159.9;1.75;161.65;12.62;147.28;1534.94
15;22/09/2027;1534.94;159.9;1.75;161.65;11.51;148.38;1386.56
16;22/10/2027;1386.56;159.9;1.75;161.65;10.4;149.5;1237.06
17;22/11/2027;1237.06;159.9;1.75;161.65;9.28;150.62;1086.44
18;22/12/2027;1086.44;159.9;1.75;161.65;8.15;151.75;934.69
19;22/01/2028;934.69;159.9;1.75;161.65;7.01;152.89;781.8
20;22/02/2028;781.8;159.9;1.75;161.65;5.86;154.03;627.77
21;22/03/2028;627.77;159.9;1.75;161.65;4.71;155.19;472.58
22;22/04/2028;472.58;159.9;1.75;161.65;3.54;156.35;316.23
23;22/05/2028;316.23;159.9;1.75;161.65;2.37;157.52;158.71
24;22/06/2028;158.71;159.9;1.75;161.65;1.19;158.71;0
